{"IcoMoonType":"selection","icons":[{"icon":{"paths":["M256 256c0-40.571-32.571-73.143-73.143-73.143s-73.143 32.571-73.143 73.143 32.571 73.143 73.143 73.143 73.143-32.571 73.143-73.143zM865.714 585.143c0 19.429-8 38.286-21.143 51.429l-280.571 281.143c-13.714 13.143-32.571 21.143-52 21.143s-38.286-8-51.429-21.143l-408.571-409.143c-29.143-28.571-52-84-52-124.571v-237.714c0-40 33.143-73.143 73.143-73.143h237.714c40.571 0 96 22.857 125.143 52l408.571 408c13.143 13.714 21.143 32.571 21.143 52z"],"width":865.7188571428571,"attrs":[],"isMulticolor":false,"isMulticolor2":false,"tags":["tag"],"defaultCode":61483,"grid":14},"attrs":[],"properties":{"name":"tag","id":44,"order":4,"prevSize":28,"code":61483},"setIdx":0,"setId":4,"iconIdx":44},{"icon":{"paths":["M804.571 708.571c0 20.571-9.143 60.571-17.714 79.429-12 28-44 46.286-69.714 60.571-33.714 18.286-68 29.143-106.286 29.143-53.143 0-101.143-21.714-149.714-39.429-34.857-12.571-68.571-28-100-47.429-97.143-60-214.286-177.143-274.286-274.286-19.429-31.429-34.857-65.143-47.429-100-17.714-48.571-39.429-96.571-39.429-149.714 0-38.286 10.857-72.571 29.143-106.286 14.286-25.714 32.571-57.714 60.571-69.714 18.857-8.571 58.857-17.714 79.429-17.714 4 0 8 0 12 1.714 12 4 24.571 32 30.286 43.429 18.286 32.571 36 65.714 54.857 97.714 9.143 14.857 26.286 33.143 26.286 50.857 0 34.857-103.429 85.714-103.429 116.571 0 15.429 14.286 35.429 22.286 49.143 57.714 104 129.714 176 233.714 233.714 13.714 8 33.714 22.286 49.143 22.286 30.857 0 81.714-103.429 116.571-103.429 17.714 0 36 17.143 50.857 26.286 32 18.857 65.143 36.571 97.714 54.857 11.429 5.714 39.429 18.286 43.429 30.286 1.714 4 1.714 8 1.714 12z"],"width":804.5714285714286,"attrs":[],"isMulticolor":false,"isMulticolor2":false,"tags":["phone"],"defaultCode":61589,"grid":14},"attrs":[],"properties":{"name":"phone","id":141,"order":2,"prevSize":28,"code":61589},"setIdx":0,"setId":4,"iconIdx":141},{"icon":{"paths":["M632.571 501.143l-424 424c-14.286 14.286-37.143 14.286-51.429 0l-94.857-94.857c-14.286-14.286-14.286-37.143 0-51.429l303.429-303.429-303.429-303.429c-14.286-14.286-14.286-37.143 0-51.429l94.857-94.857c14.286-14.286 37.143-14.286 51.429 0l424 424c14.286 14.286 14.286 37.143 0 51.429z"],"width":695,"attrs":[{}],"isMulticolor":false,"isMulticolor2":false,"tags":["chevron-right"],"grid":14},"attrs":[{}],"properties":{"order":1,"id":0,"prevSize":28,"code":59648,"name":"chevron-right"},"setIdx":2,"setId":2,"iconIdx":0},{"icon":{"paths":["M669.143 172l-303.429 303.429 303.429 303.429c14.286 14.286 14.286 37.143 0 51.429l-94.857 94.857c-14.286 14.286-37.143 14.286-51.429 0l-424-424c-14.286-14.286-14.286-37.143 0-51.429l424-424c14.286-14.286 37.143-14.286 51.429 0l94.857 94.857c14.286 14.286 14.286 37.143 0 51.429z"],"width":768,"attrs":[{}],"isMulticolor":false,"isMulticolor2":false,"tags":["chevron-left"],"grid":14},"attrs":[{}],"properties":{"order":1,"id":1,"name":"chevron-left","prevSize":28,"code":59649},"setIdx":2,"setId":2,"iconIdx":1},{"icon":{"paths":["M954.857 323.429c0 14.286-5.714 28.571-16 38.857l-491.429 491.429c-10.286 10.286-24.571 16-38.857 16s-28.571-5.714-38.857-16l-284.571-284.571c-10.286-10.286-16-24.571-16-38.857s5.714-28.571 16-38.857l77.714-77.714c10.286-10.286 24.571-16 38.857-16s28.571 5.714 38.857 16l168 168.571 374.857-375.429c10.286-10.286 24.571-16 38.857-16s28.571 5.714 38.857 16l77.714 77.714c10.286 10.286 16 24.571 16 38.857z"],"width":1024,"attrs":[],"isMulticolor":false,"isMulticolor2":false,"tags":["check"],"defaultCode":61452,"grid":14},"attrs":[],"properties":{"name":"check","id":2,"order":13,"prevSize":28,"code":61452},"setIdx":2,"setId":2,"iconIdx":2},{"icon":{"paths":["M292.571 786.286v-402.286c0-10.286-8-18.286-18.286-18.286h-36.571c-10.286 0-18.286 8-18.286 18.286v402.286c0 10.286 8 18.286 18.286 18.286h36.571c10.286 0 18.286-8 18.286-18.286zM438.857 786.286v-402.286c0-10.286-8-18.286-18.286-18.286h-36.571c-10.286 0-18.286 8-18.286 18.286v402.286c0 10.286 8 18.286 18.286 18.286h36.571c10.286 0 18.286-8 18.286-18.286zM585.143 786.286v-402.286c0-10.286-8-18.286-18.286-18.286h-36.571c-10.286 0-18.286 8-18.286 18.286v402.286c0 10.286 8 18.286 18.286 18.286h36.571c10.286 0 18.286-8 18.286-18.286zM274.286 219.429h256l-27.429-66.857c-1.714-2.286-6.857-5.714-9.714-6.286h-181.143c-3.429 0.571-8 4-9.714 6.286zM804.571 237.714v36.571c0 10.286-8 18.286-18.286 18.286h-54.857v541.714c0 62.857-41.143 116.571-91.429 116.571h-475.429c-50.286 0-91.429-51.429-91.429-114.286v-544h-54.857c-10.286 0-18.286-8-18.286-18.286v-36.571c0-10.286 8-18.286 18.286-18.286h176.571l40-95.429c11.429-28 45.714-50.857 76-50.857h182.857c30.286 0 64.571 22.857 76 50.857l40 95.429h176.571c10.286 0 18.286 8 18.286 18.286z"],"width":804.5714285714286,"attrs":[],"isMulticolor":false,"isMulticolor2":false,"tags":["trash"],"defaultCode":61944,"grid":14},"attrs":[],"properties":{"name":"trash","id":5,"order":6,"prevSize":28,"code":61944},"setIdx":2,"setId":2,"iconIdx":5},{"icon":{"paths":["M1097.143 438.857c40.571 0 73.143 32.571 73.143 73.143s-32.571 73.143-73.143 73.143h-8.571l-65.714 378.286c-6.286 34.857-36.571 60.571-72 60.571h-731.429c-35.429 0-65.714-25.714-72-60.571l-65.714-378.286h-8.571c-40.571 0-73.143-32.571-73.143-73.143s32.571-73.143 73.143-73.143h1024zM277.143 896c20-1.714 35.429-19.429 33.714-39.429l-18.286-237.714c-1.714-20-19.429-35.429-39.429-33.714s-35.429 19.429-33.714 39.429l18.286 237.714c1.714 18.857 17.714 33.714 36.571 33.714h2.857zM512 859.429v-237.714c0-20-16.571-36.571-36.571-36.571s-36.571 16.571-36.571 36.571v237.714c0 20 16.571 36.571 36.571 36.571s36.571-16.571 36.571-36.571zM731.429 859.429v-237.714c0-20-16.571-36.571-36.571-36.571s-36.571 16.571-36.571 36.571v237.714c0 20 16.571 36.571 36.571 36.571s36.571-16.571 36.571-36.571zM932.571 862.286l18.286-237.714c1.714-20-13.714-37.714-33.714-39.429s-37.714 13.714-39.429 33.714l-18.286 237.714c-1.714 20 13.714 37.714 33.714 39.429h2.857c18.857 0 34.857-14.857 36.571-33.714zM272 166.857l-53.143 235.429h-75.429l57.714-252c14.857-66.857 73.714-113.714 142.286-113.714h95.429c0-20 16.571-36.571 36.571-36.571h219.429c20 0 36.571 16.571 36.571 36.571h95.429c68.571 0 127.429 46.857 142.286 113.714l57.714 252h-75.429l-53.143-235.429c-8-33.714-37.143-57.143-71.429-57.143h-95.429c0 20-16.571 36.571-36.571 36.571h-219.429c-20 0-36.571-16.571-36.571-36.571h-95.429c-34.286 0-63.429 23.429-71.429 57.143z"],"width":1170.2857142857142,"attrs":[],"isMulticolor":false,"isMulticolor2":false,"tags":["shopping-basket"],"defaultCode":62097,"grid":14},"attrs":[],"properties":{"name":"shopping-basket","id":6,"order":8,"prevSize":28,"code":62097},"setIdx":2,"setId":2,"iconIdx":6},{"icon":{"paths":["M1024 373.714v558.857c0 50.286-41.143 91.429-91.429 91.429h-841.143c-50.286 0-91.429-41.143-91.429-91.429v-558.857c0-5.143 2.286-10.286 6.286-13.714 60-52.571 60.571-58.857 358.857-276.571 36-26.286 99.429-83.429 146.857-83.429s111.429 57.714 146.857 83.429c298.286 217.714 298.857 224 358.857 276.571 4 3.429 6.286 8.571 6.286 13.714zM701.714 708c89.143-64.571 151.429-109.714 197.143-144 8-5.714 9.714-17.143 3.429-25.143l-21.714-29.714c-6.286-8-17.714-9.714-25.714-3.429-45.143 33.143-106.857 78.857-196 142.857-35.429 25.714-99.429 82.857-146.857 82.857s-111.429-57.143-146.857-82.857c-89.143-64.571-150.857-109.714-196-142.857-8-6.286-19.429-4.571-25.714 3.429l-21.714 29.714c-6.286 8-4.571 19.429 3.429 25.143 45.714 34.286 108 79.429 197.143 144 44.571 32 114.857 96.571 189.714 96.571 75.429 0 147.429-65.714 189.714-96.571z"],"width":1024,"attrs":[],"isMulticolor":false,"isMulticolor2":false,"tags":["envelope-open"],"defaultCode":62134,"grid":14},"attrs":[],"properties":{"name":"envelope-open","id":7,"order":9,"prevSize":28,"code":62134},"setIdx":2,"setId":2,